StartDate,EndDate,Status,IPAddress,Progress,Duration (in seconds),Finished,RecordedDate,ResponseId,RecipientLastName,RecipientFirstName,RecipientEmail,ExternalReference,LocationLatitude,LocationLongitude,DistributionChannel,UserLanguage,Q1,Q2,Q3,Q4,Q5,Q6,Q7,Q8,Q9,Q10_1,Q10_2,Q10_3,Q11_1,Q11_2,Q11_3,Q12_1,Q12_2,Q12_3,Q12_4,Q12_5,Q12_6,Q13,Q14,Q15,Q15_5_TEXT,Q16,Q17,Q18_1,Q18_2,Q18_3,Q19,Q20,Q21,Q22,Q23,IDNUM,MID,assignmentId,hitid
Start Date,End Date,Response Type,IP Address,Progress,Duration (in seconds),Finished,Recorded Date,Response ID,Recipient Last Name,Recipient First Name,Recipient Email,External Data Reference,Location Latitude,Location Longitude,Distribution Channel,User Language,How many accounts have you enabled 2FA for?,What is your age?,What is your gender?,What is your highest level of education?,Are you a:,How tech savvy are you?,How long have you been using Two-Factor Authentication (2FA)?,"When you first enabled 2FA, why did you enable it?",How frequently do you login with your 2FA authenticator?,Which accounts have you enabled 2FA for? - School account,Which accounts have you enabled 2FA for? - Workplace account,Which accounts have you enabled 2FA for? - Personal account,"When you initially enabled 2FA, which two-factor authenticator(s) did you enable? - School account","When you initially enabled 2FA, which two-factor authenticator(s) did you enable? - Workplace account","When you initially enabled 2FA, which two-factor authenticator(s) did you enable? - Personal account","Do you agree or disagree with the following statements: - Using my 2FA authenticator to login is mentally demanding (e.g. thinking, searching, deciding)",Do you agree or disagree with the following statements: - Using my 2FA authenticator to login is not physically demanding,Do you agree or disagree with the following statements: - I feel rushed when having to use my 2FA authenticator to login,Do you agree or disagree with the following statements: - Using my 2FA authenticator to login to my account requires too much effort,Do you agree or disagree with the following statements: - I feel annoyed when having to use my 2FA authenticator,Do you agree or disagree with the following statements: - I have difficulty using my authenticator to log into my account,Why is using your 2FA authenticator to login mentally demanding?,Why is using your 2FA authenticator to login physically demanding?,Why do you feel rushed when using your 2FA authenticator? - Selected Choice,Why do you feel rushed when using your 2FA authenticator? - Other - Text,Why do you feel that having to use your 2FA authenticator to login requires too much effort?,What difficulty did you have with using your 2FA authenticator to login?,Can you recognize the IP address from the device you logged in from memory? - Personal computer,Can you recognize the IP address from the device you logged in from memory? - Workplace computer,Can you recognize the IP address from the device you logged in from memory? - Personal Phone,Have you used the push authenticator?,Did you ever pay attention to the IP address that is displayed?,Have you ever been unable to access your account because of 2FA?,Why were you unable to access your account because of 2FA?,What do you dislike about 2FA?,IDNUM,MID,assignmentId,hitid
"{""ImportId"":""startDate"",""timeZone"":""America/Denver""}","{""ImportId"":""endDate"",""timeZone"":""America/Denver""}","{""ImportId"":""status""}","{""ImportId"":""ipAddress""}","{""ImportId"":""progress""}","{""ImportId"":""duration""}","{""ImportId"":""finished""}","{""ImportId"":""recordedDate"",""timeZone"":""America/Denver""}","{""ImportId"":""_recordId""}","{""ImportId"":""recipientLastName""}","{""ImportId"":""recipientFirstName""}","{""ImportId"":""recipientEmail""}","{""ImportId"":""externalDataReference""}","{""ImportId"":""locationLatitude""}","{""ImportId"":""locationLongitude""}","{""ImportId"":""distributionChannel""}","{""ImportId"":""userLanguage""}","{""ImportId"":""QID2""}","{""ImportId"":""QID3_TEXT""}","{""ImportId"":""QID4""}","{""ImportId"":""QID5""}","{""ImportId"":""QID6""}","{""ImportId"":""QID7""}","{""ImportId"":""QID8""}","{""ImportId"":""QID38""}","{""ImportId"":""QID37""}","{""ImportId"":""QID9_1""}","{""ImportId"":""QID9_2""}","{""ImportId"":""QID9_3""}","{""ImportId"":""QID10_1""}","{""ImportId"":""QID10_2""}","{""ImportId"":""QID10_3""}","{""ImportId"":""QID30_1""}","{""ImportId"":""QID30_17""}","{""ImportId"":""QID30_18""}","{""ImportId"":""QID30_15""}","{""ImportId"":""QID30_4""}","{""ImportId"":""QID30_19""}","{""ImportId"":""QID31_TEXT""}","{""ImportId"":""QID32_TEXT""}","{""ImportId"":""QID47""}","{""ImportId"":""QID47_5_TEXT""}","{""ImportId"":""QID53_TEXT""}","{""ImportId"":""QID52_TEXT""}","{""ImportId"":""QID35_1""}","{""ImportId"":""QID35_2""}","{""ImportId"":""QID35_3""}","{""ImportId"":""QID18""}","{""ImportId"":""QID19""}","{""ImportId"":""QID41""}","{""ImportId"":""QID42_TEXT""}","{""ImportId"":""QID33_TEXT""}","{""ImportId"":""IDNUM""}","{""ImportId"":""MID""}","{""ImportId"":""assignmentId""}","{""ImportId"":""hitid""}"
2021-10-17 02:56:47,2021-10-17 03:04:26,IP Address,216.250.250.25,100,458,True,2021-10-17 03:04:26,R_0xnVn0ZxizbZsU9,,,,,45.4817047119140625,-122.4156036376953125,anonymous,EN,1,26,Male,Bachelor's degree,College student,Not at all,Less than 1 year,Mandated,A few times per week,Enabled,Not enabled,Enabled,Phone Call,,Security Key,16,,,15,16,,,,,,,,Always,,Always,Yes,Sometimes,Yes,IT IS VERY USEFULL AND USER FRIENDLY,SOMETIMES IT WILL BE SLOW,48351,,,
2021-10-17 02:59:21,2021-10-17 03:07:21,IP Address,99.70.252.100,100,479,True,2021-10-17 03:07:21,R_3EoGjYzxf8sUIOT,,,,,32.519500732421875,-96.8105010986328125,anonymous,EN,3,39,Male,High school graduate,None of the above,Moderately,More than 2 years,Mandated,A few times per month,,,Enabled,,,"Text message,App Code",16,,,17,14,,,,,,,,Sometimes,Sometimes,Never,No,,No,,What I dislike about 2FA is the extra security step it takes to log in. Sometimes that extra step means having to wait for a few seconds longer like when using Google Authenticator or when waiting for a text with the code.,45789,,,
2021-10-17 03:07:49,2021-10-17 03:10:47,IP Address,24.178.23.151,100,177,True,2021-10-17 03:10:47,R_bmvATEPIhDRB9w5,,,,,43.1204986572265625,-89.35230255126953125,anonymous,EN,4 or more,37,Female,Bachelor's degree,None of the above,Very,More than 2 years,Incentivized,1 or more times a day,,Enabled,Enabled,,Text message,Text message,17,,,15,17,,,,,,,,Never,Never,Never,No,,No,,one more step to do something simple,88521,,,
2021-10-17 03:07:03,2021-10-17 03:11:06,IP Address,104.37.175.49,100,243,True,2021-10-17 03:11:07,R_RzqOVfkeAjCfdjr,,,,,32.776702880859375,-96.80500030517578125,anonymous,EN,1,49,Male,Bachelor's degree,College staff,Somewhat,Less than 1 year,Mandated,A few times per week,Not enabled,Enabled,Enabled,Push,Phone Call,Security Key,16,,,15,15,,,,,,,,Often,Always,Always,Yes,Sometimes,Yes,ITS USEFUL TO EASY,SOMETHIMES ITS LITTLE SLOW,31679,,,
2021-10-17 03:21:04,2021-10-17 03:24:56,IP Address,50.123.70.136,100,231,True,2021-10-17 03:24:56,R_2RambAXvwTjEJgM,,,,,48.05889892578125,-122.15789794921875,anonymous,EN,2,36,Female,High school graduate,None of the above,Moderately,More than 2 years,Voluntary,A few times per week,,Not enabled,Enabled,,,"Text message,App Code",17,,,16,14,,,,,,,,Sometimes,,Sometimes,Yes,Always,No,,Just the wasted 30 seconds or so having to deal with it.,80651,,,
2021-10-17 03:34:24,2021-10-17 03:41:07,IP Address,23.127.73.136,100,402,True,2021-10-17 03:41:07,R_2Y5nqky1PnNaEA5,,,,,30.2422943115234375,-97.7671966552734375,anonymous,EN,2,53,Female,Bachelor's degree,None of the above,Very,Less than 1 year,Voluntary,A few times per week,,Not enabled,Enabled,,,Text message,17,,,17,16,,,,,,,,Sometimes,Never,Never,Yes,Sometimes,No,,"I dislike the extra step. I just want to have the ability to type my password directly into an account and be done. Separately, I sometimes have to go hunting for my phone in order to get into one of my accounts.",53620,,,
2021-10-17 03:56:37,2021-10-17 03:58:15,IP Address,173.73.136.116,100,97,True,2021-10-17 03:58:15,R_UXv0paPmzrTBXfX,,,,,38.906402587890625,-77.12779998779296875,anonymous,EN,4 or more,34,Male,Bachelor's degree,None of the above,Extremely,More than 2 years,Voluntary,1 or more times a day,,Enabled,Enabled,,"Text message,App Code","Push,App Code",17,,,13,13,,,,,,,,Never,Never,Never,Yes,Never,No,,Just that it's a bit more time consuming and feels somewhat tedious.,59937,,,
2021-10-17 03:56:48,2021-10-17 03:59:51,IP Address,68.51.69.16,100,183,True,2021-10-17 03:59:51,R_2w4PNPnU1EX2CRe,,,,,39.868499755859375,-85.96900177001953125,anonymous,EN,2,66,Male,Associate's degree,None of the above,Very,More than 2 years,Voluntary,A few times per week,,,Enabled,,,"Text message,Security Key",17,,,13,13,,,,,,,,Never,Never,Never,No,,No,,"Well you have the extra step which I dislike, but that is outweighed by the extra security I feel.",26742,,,
2021-10-17 03:56:41,2021-10-17 03:59:56,IP Address,73.176.96.68,100,195,True,2021-10-17 03:59:57,R_1q7MYrgF92mbo2x,,,,,39.84429931640625,-88.98650360107421875,anonymous,EN,4 or more,40,Female,Bachelor's degree,None of the above,Moderately,More than 2 years,Voluntary,A few times per week,,,Enabled,,,Text message,17,,,14,16,,,,,,,,Never,,Never,No,,No,,The extra step can feel annoying when you quickly want to check some info in your email or other accounts.,43530,,,
2021-10-17 03:56:12,2021-10-17 04:00:36,IP Address,216.250.250.228,100,263,True,2021-10-17 04:00:36,R_2uxF4HBiZiOCIiT,,,,,45.4817047119140625,-122.4156036376953125,anonymous,EN,1,29,Male,Bachelor's degree,College faculty,Moderately,1 - 2 years,Voluntary,1 or more times a day,Not enabled,Enabled,Not enabled,,"Text message,Push,Phone Call,App Code,Security Key",,16,,,16,16,,,,,,,,Sometimes,Sometimes,Sometimes,Yes,Sometimes,Yes,NETWORK SURVER BUSY,SOMETIMES SURVER IS BUSY,78297,,,
2021-10-17 04:03:58,2021-10-17 04:05:49,IP Address,24.163.25.212,100,110,True,2021-10-17 04:05:49,R_bDEh331QfvM5OJb,,,,,36.0330047607421875,-80.3916015625,anonymous,EN,2,36,Male,Bachelor's degree,None of the above,Moderately,1 - 2 years,Mandated,1 or more times a day,,Enabled,Enabled,,Text message,Text message,16,,,15,14,,,,,,,,Never,Never,Never,No,,No,,it takes extra time,25303,,,
2021-10-17 03:56:18,2021-10-17 04:05:54,IP Address,174.84.103.96,100,575,True,2021-10-17 04:05:54,R_xDh5MA0zokHGHTj,,,,,43.582000732421875,-83.8730010986328125,anonymous,EN,4 or more,50,Male,"Some college, no degree",None of the above,Very,More than 2 years,Voluntary,A few times per month,,Enabled,Enabled,,"Text message,Phone Call,Security Key","Text message,App Code",16,,,14,16,,,"My authenticator is not optimized well. It doesn't push notifications consistently, because it's sandboxed for security. It may be safer to use the an SMS but it's a pain to search the app tray for it and the codes expire very quickly, which usually means I have to input the code twice, into the target app.",,,,,Sometimes,Often,Rarely,No,,No,,"The apps are inconsistent. Microsoft has an app, Google has an app, multiple third parties also have apps. They all offer a slightly different experience and none of them are very well designed, from a user perspective. Security as a service shouldn't be this messy, there should be a common user experience and a lot more consistency.",53493,,,
2021-10-17 03:57:50,2021-10-17 04:08:15,IP Address,70.106.207.206,100,625,True,2021-10-17 04:08:15,R_1FJJz2C8Nf8Musn,,,,,39.0126953125,-77.53420257568359375,anonymous,EN,4 or more,33,Male,Bachelor's degree,College student,Extremely,More than 2 years,Voluntary,1 or more times a day,Enabled,Enabled,Enabled,"App Code,Security Key","App Code,Security Key","Text message,Phone Call,App Code,Security Key",17,,,13,13,,,,,,,,Often,Often,Often,No,,No,,"2FA is for me an extremely welcome and necessary way of electronic authentication, and I can't say that it is something I don't like.",77414,,,
2021-10-17 04:50:54,2021-10-17 04:51:01,IP Address,99.61.109.6,100,6,True,2021-10-17 04:51:01,R_2waGZqGZsZdlJx5,,,,,28.57269287109375,-80.8206024169921875,anonymous,EN,0,,,,,,,,,,,,,,,,,,,,,,,,,,,,,,,,,,,97173,,,
2021-10-17 05:22:59,2021-10-17 05:25:59,IP Address,73.150.139.175,100,180,True,2021-10-17 05:26:00,R_RWwdmGGFNXxceFX,,,,,40.26690673828125,-74.65110015869140625,anonymous,EN,4 or more,36,Male,Master's degree,None of the above,Moderately,More than 2 years,Mandated,1 or more times a day,,Enabled,Enabled,,Text message,Text message,16,,,14,14,,,,,,,,Often,Sometimes,Often,No,,No,,It's a trade off between time and security. IF they can speed it up it's better but i'm fine with it as it.,57778,,,
2021-10-17 06:17:37,2021-10-17 06:22:59,IP Address,107.5.54.11,100,322,True,2021-10-17 06:23:00,R_3kzwSmWwZn7JV6w,,,,,42.6425933837890625,-84.52210235595703125,anonymous,EN,3,41,Male,Associate's degree,None of the above,Very,More than 2 years,Voluntary,1 or more times a day,,Enabled,Enabled,,Security Key,"Push,App Code,Security Key",17,,,13,14,,,,,,,,Always,Always,Always,Yes,Always,Yes,"This is going to sound stupid, but when I figured out the issue it was because the clock on my device was not in sync properly.","Sometimes it's annoying to have to use it, but I get over that quickly because I know it's more secure.",45593,,,
2021-10-19 05:48:42,2021-10-19 05:49:52,Survey Preview,,100,70,True,2021-10-19 05:49:53,R_28XVigsMjc9SROz,,,,,37.675201416015625,-120.946502685546875,preview,EN,1,dfs,Male,High school graduate,College student,Somewhat,1 - 2 years,Incentivized,A few times per month,Enabled,Enabled,Enabled,Text message,Text message,Text message,Strongly disagree,Somewhat disagree,Somewhat agree,Somewhat agree,Somewhat agree,Somewhat agree,,,,,fsd,fds,Never,Never,Never,Yes,Never,Yes,fds,fdsaf,73783,,,
2021-10-19 18:14:31,2021-10-19 18:14:33,Survey Preview,,100,2,True,2021-10-19 18:14:34,R_2czUCt3N3yvNHqS,,,,,37.904296875,-122.0583953857421875,preview,EN,0,,,,,,,,,,,,,,,,,,,,,,,,,,,,,,,,,,,41748,,,
2021-10-19 18:54:11,2021-10-19 18:54:21,IP Address,174.102.118.192,100,9,True,2021-10-19 18:54:21,R_zVyKn8LqXwJAxXP,,,,,40.8968048095703125,-80.86150360107421875,anonymous,EN,0,,,,,,,,,,,,,,,,,,,,,,,,,,,,,,,,,,,60701,,,
2021-10-19 18:56:33,2021-10-19 19:01:28,IP Address,174.202.160.106,100,294,True,2021-10-19 19:01:28,R_2YsOwAaAvvltt7E,,,,,35.4662017822265625,-97.5167999267578125,anonymous,EN,2,30,Female,Bachelor's degree,None of the above,Extremely,More than 2 years,Mandated,A few times per month,,Not enabled,Enabled,,,"Text message,App Code",Strongly disagree,Somewhat agree,Somewhat disagree,Neither agree nor disagree,Somewhat agree,Strongly disagree,,,,,,,Sometimes,Never,Often,No,,Yes,"I got locked out of an icloud account that way. I had set it up to send a text to my phone number, but changed my number without fixing the icloud account.","Once I realized all the ins and outs, I don't really have an issue with it. I just think it's an extra step I don't need gto use.",38217,,,
2021-10-19 19:02:31,2021-10-19 19:07:14,IP Address,68.131.241.245,100,282,True,2021-10-19 19:07:14,R_24OubYNiAuIvrT2,,,,,36.796905517578125,-76.1797027587890625,anonymous,EN,1,45,Female,High school graduate,None of the above,Somewhat,1 - 2 years,Mandated,A few times per week,,Enabled,,,Phone Call,,Somewhat agree,Strongly agree,Somewhat disagree,Somewhat agree,Somewhat agree,Somewhat agree,Do not like to have to wait and than answer a call just to get into my account.,,,,I just want to get into my account as fast as possible and this takes more time.,Just getting used to waiting for the call and than entering the login,Never,Never,Never,No,,No,,The extra time that it takes to get into the account,63943,,,
2021-10-19 18:57:48,2021-10-19 19:10:53,IP Address,73.155.77.237,100,784,True,2021-10-19 19:10:53,R_3L0ahd4hogqnSnv,,,,,29.6855926513671875,-95.11859893798828125,anonymous,EN,3,33,Female,High school graduate,None of the above,Very,More than 2 years,Voluntary,A few times per week,,Enabled,Enabled,,"Text message,Security Key","Text message,Security Key",Strongly disagree,Strongly agree,Somewhat agree,Strongly disagree,Strongly disagree,Strongly disagree,,,Having to input the code before the countdown timer expires,,,,Never,Never,Never,No,,No,,It is time consuming and I am rushed and stressed,67277,,,
2021-10-19 19:07:37,2021-10-19 19:12:47,IP Address,98.214.234.47,100,309,True,2021-10-19 19:12:47,R_1M5ScgptxL9NMXf,,,,,39.861602783203125,-88.9355010986328125,anonymous,EN,2,47,Male,High school graduate,None of the above,Very,1 - 2 years,Mandated,A few times per month,,,Enabled,,,App Code,Somewhat disagree,Somewhat agree,Somewhat disagree,Strongly disagree,Somewhat disagree,Somewhat disagree,,,,,,,Always,,Often,No,,No,,just the extra annoying step,81584,,,
2021-10-19 19:09:15,2021-10-19 19:13:32,IP Address,70.171.9.199,100,256,True,2021-10-19 19:13:34,R_3fUycFuQxD6rYn7,,,,,29.613800048828125,-82.3860015869140625,anonymous,EN,4 or more,28,Male,Bachelor's degree,None of the above,Extremely,More than 2 years,Mandated,1 or more times a day,,Enabled,Enabled,,App Code,App Code,Strongly disagree,Strongly agree,Strongly disagree,Strongly disagree,Strongly disagree,Strongly disagree,,,,,,,Always,Always,Always,No,,No,,I dislike the motion of having to do 2FA but I prefer being secure more so.,92467,,,
2021-10-19 19:12:12,2021-10-19 19:14:31,IP Address,98.10.58.230,100,138,True,2021-10-19 19:14:31,R_3HNTSOpB4SIwUPm,,,,,43.144195556640625,-77.55030059814453125,anonymous,EN,4 or more,31,Female,Master's degree,None of the above,Very,More than 2 years,Voluntary,A few times per week,,Not enabled,Enabled,,,Text message,Somewhat disagree,Strongly agree,Strongly disagree,Strongly disagree,Strongly disagree,Strongly disagree,,,,,,,Never,Never,Never,No,,No,,It takes extra time,92824,,,
2021-10-19 19:18:41,2021-10-19 19:21:51,IP Address,71.71.195.159,100,189,True,2021-10-19 19:21:51,R_8uBWnRMxWbhKdRD,,,,,35.2227020263671875,-80.79380035400390625,anonymous,EN,4 or more,34,Male,Bachelor's degree,None of the above,Very,More than 2 years,Mandated,A few times per week,,Enabled,Enabled,,"Text message,Security Key","Text message,Security Key",Strongly disagree,Strongly agree,Strongly disagree,Strongly disagree,Strongly disagree,Strongly disagree,,,,,,,Never,Never,Never,No,,No,,I sometimes have to get up and go grab my phone to login into an account on one of my other devices.,22524,,,
2021-10-19 19:26:13,2021-10-19 19:29:32,IP Address,70.124.33.42,100,199,True,2021-10-19 19:29:33,R_2V2VUzf7NSBtsPy,,,,,26.2516021728515625,-98.2270965576171875,anonymous,EN,1,37,Female,Bachelor's degree,None of the above,Moderately,More than 2 years,Voluntary,A few times per week,,,Enabled,,,App Code,Strongly disagree,Strongly agree,Strongly disagree,Strongly disagree,Somewhat disagree,Strongly disagree,,,,,,,Sometimes,Never,Sometimes,No,,No,,Just the fact that I have to do it every time I am logged out.,58944,,,
2021-10-19 19:35:13,2021-10-19 19:37:44,IP Address,76.87.178.24,100,151,True,2021-10-19 19:37:44,R_sBZRZ05J0pIzJbb,,,,,34.57049560546875,-118.02899932861328125,anonymous,EN,4 or more,36,Male,Bachelor's degree,None of the above,Very,More than 2 years,Voluntary,A few times per month,,Enabled,Enabled,,"App Code,Security Key","Text message,Push",Somewhat disagree,Somewhat agree,Neither agree nor disagree,Neither agree nor disagree,Neither agree nor disagree,Strongly disagree,,,,,,,Often,Sometimes,Often,Yes,Always,No,,Don't like having to use it on apps or programs I rarely use.,66746,,,
2021-10-19 19:53:21,2021-10-19 19:54:46,IP Address,71.127.48.232,100,84,True,2021-10-19 19:54:46,R_2QhWDpoDrJQ1qYx,,,,,38.6349945068359375,-76.8820037841796875,anonymous,EN,2,27,Male,Bachelor's degree,None of the above,Very,Less than 1 year,Mandated,A few times per month,,,Enabled,,,"Text message,App Code",Strongly disagree,Strongly agree,Strongly disagree,Strongly disagree,Strongly disagree,Strongly disagree,,,,,,,Never,,Never,No,,No,,sometimes the message comes slowly,60001,,,
2021-10-19 19:48:06,2021-10-19 19:57:09,IP Address,173.198.160.217,100,543,True,2021-10-19 19:57:09,R_2ZVtRZlhyd4BrOX,,,,,43.9600982666015625,-111.69750213623046875,anonymous,EN,3,50,Female,Bachelor's degree,None of the above,Very,More than 2 years,Voluntary,1 or more times a day,,Enabled,Enabled,,"App Code,Security Key","App Code,Security Key",Somewhat disagree,Somewhat agree,Somewhat disagree,Somewhat disagree,Somewhat disagree,Somewhat disagree,,,,,,,Always,Always,Rarely,Yes,Often,No,,"Just the extra time required and steps, but it's worth it until something better comes along.",25245,,,
2021-10-19 19:56:22,2021-10-19 19:57:57,IP Address,162.221.219.28,100,95,True,2021-10-19 19:57:57,R_1lm0Yb97QA8a8d7,,,,,38.093597412109375,-84.5009002685546875,anonymous,EN,4 or more,30,Male,"Some college, no degree",None of the above,Extremely,More than 2 years,Voluntary,1 or more times a day,,Enabled,Enabled,,Push,"Text message,Push,App Code",Somewhat agree,Neither agree nor disagree,Somewhat disagree,Somewhat agree,Neither agree nor disagree,Neither agree nor disagree,just is,,,,takes too long,,Never,Never,Never,Yes,Sometimes,No,,nothing,66774,,,
2021-10-19 19:55:38,2021-10-19 19:58:38,IP Address,97.94.83.51,100,180,True,2021-10-19 19:58:39,R_3IRWbRtUPsCIoYb,,,,,43.1772003173828125,-85.2472991943359375,anonymous,EN,4 or more,40,Male,"Some college, no degree",None of the above,Very,More than 2 years,Voluntary,1 or more times a day,,Enabled,Enabled,,Push,Text message,Strongly disagree,Strongly agree,Strongly disagree,Strongly disagree,Strongly disagree,Strongly disagree,,,,,,,Rarely,Often,Never,Yes,Often,No,,Nothing.  I don't mind any of it.,45017,,,
2021-10-19 19:55:00,2021-10-19 20:00:26,IP Address,67.175.102.57,100,326,True,2021-10-19 20:00:27,R_dhT7sZFjsTtEXOV,,,,,42.0106964111328125,-87.66570281982421875,anonymous,EN,4 or more,49,Female,Bachelor's degree,None of the above,Moderately,1 - 2 years,Mandated,A few times per week,,Enabled,Enabled,,App Code,Text message,Strongly disagree,Strongly agree,Somewhat disagree,Strongly disagree,Somewhat disagree,Strongly disagree,,,,,,,Never,Never,Never,No,,No,,"It slows down my login, when sometimes I just want to quickly look at something.",84043,,,
2021-10-19 19:57:37,2021-10-19 20:01:28,IP Address,206.54.198.154,100,230,True,2021-10-19 20:01:28,R_2Pqf7PQAssAWkRS,,,,,29.5720062255859375,-95.54000091552734375,anonymous,EN,3,31,Female,Associate's degree,None of the above,Moderately,More than 2 years,Incentivized,A few times per week,,Enabled,Enabled,,"Text message,Push","Text message,Push,Security Key",Strongly disagree,Strongly agree,Strongly disagree,Somewhat disagree,Strongly disagree,Strongly disagree,,,,,,,Rarely,Sometimes,Never,Yes,Rarely,No,,It takes aa little extra time to log in.,40173,,,
2021-10-19 20:06:10,2021-10-19 20:09:41,IP Address,173.21.98.172,100,210,True,2021-10-19 20:09:41,R_3OoYhFujlAO511Z,,,,,37.6161041259765625,-86.450897216796875,anonymous,EN,4 or more,31,Male,High school graduate,None of the above,Very,More than 2 years,Voluntary,A few times per year,Enabled,Enabled,Enabled,Text message,Text message,Text message,Somewhat disagree,Somewhat agree,Strongly disagree,Strongly disagree,Strongly disagree,Strongly disagree,,,,,,,Never,Never,Never,Yes,Sometimes,No,,"nothing really, no complaints.",84056,,,
2021-10-19 20:17:48,2021-10-19 20:25:09,IP Address,68.9.223.234,100,440,True,2021-10-19 20:25:09,R_2v8hmzbSCIECvQ9,,,,,41.5041046142578125,-72.9167022705078125,anonymous,EN,4 or more,38,Male,Bachelor's degree,None of the above,Very,More than 2 years,Voluntary,A few times per week,,,Enabled,,,App Code,Strongly disagree,Strongly agree,Somewhat disagree,Strongly disagree,Strongly disagree,Strongly disagree,,,,,,,Often,,Rarely,Yes,Always,No,,"I've been pretty happy overall with 2FA. The only thing that I dislike is having to set up accounts again when I transfer over to a new smartphone. However, I found that Microsoft Authenticator now backs up to iCloud and one can simply restore its database once on a new phone.",38560,,,
2021-10-19 20:10:56,2021-10-19 20:33:29,IP Address,104.139.104.189,100,1352,True,2021-10-19 20:33:29,R_TuT9IMYnauRiR2x,,,,,35.089202880859375,-80.81939697265625,anonymous,EN,4 or more,62,Male,High school graduate,None of the above,Moderately,More than 2 years,Voluntary,A few times per month,,,Enabled,,,Security Key,Strongly disagree,Somewhat agree,Somewhat disagree,Strongly disagree,Strongly disagree,Strongly disagree,,,,,,,Never,Never,Never,Yes,Never,No,,nothing,88932,,,
2021-10-19 20:34:40,2021-10-19 20:36:05,IP Address,68.110.70.163,100,84,True,2021-10-19 20:36:05,R_12eZGrDIIDOxZKJ,,,,,33.533905029296875,-112.17220306396484375,anonymous,EN,1,36,Female,Bachelor's degree,None of the above,Extremely,1 - 2 years,Voluntary,A few times per week,Not enabled,Not enabled,Enabled,,,"Text message,App Code,Security Key",Strongly disagree,Strongly agree,Strongly disagree,Strongly disagree,Strongly disagree,Strongly disagree,,,,,,,Always,Often,Always,No,,No,,nothing,54576,,,
2021-10-19 20:37:13,2021-10-19 20:39:09,IP Address,70.113.75.143,100,115,True,2021-10-19 20:39:09,R_3fItIlg1zb1yOjX,,,,,30.3383026123046875,-97.66809844970703125,anonymous,EN,4 or more,37,Male,Bachelor's degree,None of the above,Extremely,More than 2 years,Incentivized,1 or more times a day,Not enabled,Not enabled,Enabled,Push,Security Key,Phone Call,Somewhat disagree,Strongly disagree,Somewhat agree,Somewhat disagree,Neither agree nor disagree,Somewhat disagree,,It takes time,Having to input the code before the countdown timer expires,,,,Rarely,Rarely,Often,No,,No,,It takes time,38538,,,
2021-10-19 20:37:31,2021-10-19 20:39:37,IP Address,47.203.91.45,100,126,True,2021-10-19 20:39:38,R_3HYPRbtOzVrfRoP,,,,,28.35260009765625,-82.630096435546875,anonymous,EN,4 or more,35,Male,High school graduate,None of the above,Extremely,More than 2 years,Voluntary,1 or more times a day,,Enabled,Enabled,,"Text message,App Code","Text message,Push,App Code,Security Key",Strongly disagree,Strongly agree,Strongly disagree,Strongly disagree,Strongly disagree,Strongly disagree,,,,,,,Often,Sometimes,Rarely,Yes,Often,No,,sometimes it can be irritating to set up. i would prefer there to be more choices as far as providers are concerned. preferably open source.,10933,,,
2021-10-19 20:36:20,2021-10-19 20:40:31,IP Address,73.248.230.98,100,250,True,2021-10-19 20:40:31,R_2VIOxyWqliPJqbD,,,,,40.5554962158203125,-74.28549957275390625,anonymous,EN,4 or more,32,Male,"Some college, no degree",None of the above,Very,More than 2 years,Voluntary,A few times per week,,,Enabled,,,Text message,Strongly disagree,Strongly agree,Strongly disagree,Strongly disagree,Strongly disagree,Strongly disagree,,,,,,,,,Rarely,Yes,Sometimes,No,,"I dislike that sometimes the texts don't come in right away, so I have to wait a short time before logging in.",52632,,,
2021-10-19 21:01:35,2021-10-19 21:05:40,IP Address,199.96.123.170,100,244,True,2021-10-19 21:05:40,R_22DGALDKrm0z0hZ,,,,,38.3600006103515625,-86.92859649658203125,anonymous,EN,1,23,Male,"Some college, no degree",None of the above,Very,More than 2 years,Mandated,A few times per week,Not enabled,Not enabled,Enabled,"Text message,Security Key","Text message,Security Key","Text message,Security Key",Somewhat agree,Somewhat agree,Strongly agree,Somewhat agree,Strongly agree,Somewhat disagree,Simply due to how annoying it is. It's just exhausting having to do it all the time.,,Having to input the code before the countdown timer expires,,Because logging in should not be this time consuming.,,Sometimes,Sometimes,Never,No,,No,,It's just tedious and gets in the way.,55604,,,
2021-10-19 21:01:30,2021-10-19 21:06:12,IP Address,12.160.225.48,100,281,True,2021-10-19 21:06:12,R_w7wnH1BW1ILIImt,,,,,34.0543975830078125,-118.2440948486328125,anonymous,EN,1,33,Female,Bachelor's degree,None of the above,Very,1 - 2 years,Mandated,A few times per week,,Not enabled,Enabled,,,Push,Somewhat agree,Strongly agree,Somewhat agree,Neither agree nor disagree,Somewhat agree,Somewhat disagree,STUDY OF RULE,,Having to input the code before the countdown timer expires,,,,Always,Often,,No,,No,,N/A,81764,,,
2021-10-19 21:05:05,2021-10-19 21:09:11,IP Address,176.113.72.46,100,246,True,2021-10-19 21:09:11,R_1I4B4QudovCxCPf,,,,,40.7487945556640625,-73.9882965087890625,anonymous,EN,3,40,Male,Bachelor's degree,None of the above,Moderately,More than 2 years,Voluntary,1 or more times a day,,Enabled,Enabled,,"Text message,Phone Call,App Code,Security Key","Push,Security Key",Strongly disagree,Strongly agree,Neither agree nor disagree,Strongly disagree,Strongly disagree,Strongly disagree,,,,,,,Sometimes,Sometimes,Sometimes,Yes,Often,No,,"Nothing really, cause I have never encountered any problem with it.",90049,,,
2021-10-19 21:11:15,2021-10-19 21:17:24,IP Address,172.85.99.43,100,369,True,2021-10-19 21:17:25,R_31TOZgZmQlCYmqX,,,,,34.0493927001953125,-118.2660980224609375,anonymous,EN,2,36,Female,Bachelor's degree,None of the above,Extremely,1 - 2 years,Voluntary,A few times per week,Not enabled,Enabled,Enabled,,"Push,Phone Call,App Code,Security Key","Push,Phone Call,App Code,Security Key",Neither agree nor disagree,Strongly agree,Neither agree nor disagree,Somewhat disagree,Strongly disagree,Strongly disagree,,,,,,,Sometimes,Rarely,Sometimes,No,,No,,SOMETIMES IT SEEMS VERY HARD TO LOGIN AND WORK ON.,13328,,,
2021-10-19 21:34:42,2021-10-19 21:36:55,IP Address,68.32.155.50,100,132,True,2021-10-19 21:36:56,R_3EScb3FiBmmCD0F,,,,,42.6757965087890625,-82.91210174560546875,anonymous,EN,4 or more,39,Male,Bachelor's degree,None of the above,Extremely,More than 2 years,Voluntary,1 or more times a day,,Enabled,Enabled,,"Text message,Push,App Code","Text message,Push,App Code",Strongly disagree,Strongly agree,Somewhat disagree,Strongly disagree,Strongly disagree,Strongly disagree,,,,,,,Never,Often,Never,Yes,Often,No,,"Its an added step that does take time, however the annoyance is worth my protection.",95052,,,
2021-10-19 22:05:45,2021-10-19 22:05:51,IP Address,204.62.51.150,100,5,True,2021-10-19 22:05:51,R_3EFRCGQvPV8CDf9,,,,,39.39239501953125,-76.608001708984375,anonymous,EN,0,,,,,,,,,,,,,,,,,,,,,,,,,,,,,,,,,,,57743,,,
2021-10-19 21:58:26,2021-10-19 22:09:42,IP Address,50.44.105.16,100,675,True,2021-10-19 22:09:42,R_1rjG4H55FzpTfKn,,,,,40.877105712890625,-88.63330078125,anonymous,EN,2,33,Female,Bachelor's degree,None of the above,Very,1 - 2 years,Voluntary,A few times per week,Not enabled,Not enabled,Enabled,,,"Text message,App Code,Security Key",Somewhat agree,Somewhat disagree,Strongly agree,Strongly agree,Strongly agree,Somewhat agree,"I have to have privacy, know where my phone is, have it charged, have enough space to open the app, and then do it quickly without being interuppted.",Finding my phone and multitasking to log in during a time limit and hectic household.,Having to input the code before the countdown timer expires,,"I don't always have my phone near me, having to find it is a bigger hassle than it's worth.","Sometimes the code expires and i have to wait and do it over. If my phone is dead, or out of space, the authenticator won't open.",Never,Never,Never,No,,Yes,"phone dead, not enough space, not present","have to have my phone charged, with space, privacy, etc. hectic, time limit. ",59441,,,
2021-10-19 22:07:53,2021-10-19 22:10:46,IP Address,72.14.119.2,100,173,True,2021-10-19 22:10:47,R_1d48DlYMWP9S0Tz,,,,,48.704803466796875,-95.750396728515625,anonymous,EN,4 or more,34,Female,"Some college, no degree",None of the above,Moderately,More than 2 years,Voluntary,A few times per week,,,Enabled,,,App Code,Strongly disagree,Somewhat disagree,Somewhat disagree,Neither agree nor disagree,Somewhat agree,Somewhat disagree,,Because I don't always have my phone nearby and I have to take the time to go find it before I can access my account.,,,,,Sometimes,,Sometimes,No,,No,,Just the extra time it takes when logging into an account.,10193,,,
2021-10-19 22:11:27,2021-10-19 22:26:54,IP Address,204.62.51.150,100,927,True,2021-10-19 22:26:55,R_3D7nS77tc14Kvwy,,,,,39.39239501953125,-76.608001708984375,anonymous,EN,1,21,Male,"Some college, no degree",College student,Moderately,1 - 2 years,Incentivized,A few times per week,Not enabled,Not enabled,Not enabled,Push,App Code,App Code,Somewhat disagree,Somewhat disagree,Somewhat disagree,Somewhat disagree,Somewhat disagree,Somewhat disagree,,eaiser,,,,,Sometimes,Often,Always,Yes,Rarely,Yes,it was locked up,long,44865,,,
2021-10-20 16:15:01,2021-10-20 16:16:37,IP Address,47.203.91.45,100,95,True,2021-10-20 16:16:37,R_DqSxZkfSkpqFwbf,,,,,28.35260009765625,-82.630096435546875,anonymous,EN,4 or more,35,Male,High school graduate,None of the above,Extremely,More than 2 years,Voluntary,1 or more times a day,,Enabled,Enabled,,"Text message,App Code","Text message,Push,App Code,Security Key",Strongly disagree,Strongly agree,Strongly disagree,Strongly disagree,Strongly disagree,Strongly disagree,,,,,,,Often,Rarely,Never,Yes,Sometimes,No,,i want more open source alternatives to google auth app and similar services,39958,,,
2021-10-20 16:14:59,2021-10-20 16:16:48,IP Address,71.60.248.245,100,109,True,2021-10-20 16:16:48,R_3fITfDpT00ZfPde,,,,,40.33709716796875,-79.9900970458984375,anonymous,EN,4 or more,29,Male,High school graduate,None of the above,Very,1 - 2 years,Incentivized,A few times per month,,Enabled,Enabled,,"Text message,Security Key","Text message,Security Key",Strongly disagree,Strongly agree,Neither agree nor disagree,Somewhat disagree,Somewhat disagree,Strongly disagree,,,,,,,Sometimes,Never,Never,No,,No,,"Sometimes it is a bit of an extra step, and if it makes me do it too many times in a row then it will begin to annoy me.",67999,,,
2021-10-20 16:16:49,2021-10-20 16:16:57,IP Address,67.0.243.59,100,7,True,2021-10-20 16:16:57,R_10Ox6YSoOOlwukh,,,,,35.071197509765625,-106.5767974853515625,anonymous,EN,0,,,,,,,,,,,,,,,,,,,,,,,,,,,,,,,,,,,84331,,,
2021-10-20 16:15:46,2021-10-20 16:18:44,IP Address,73.34.51.238,100,178,True,2021-10-20 16:18:44,R_3EnGjobdYwByaLD,,,,,39.6663055419921875,-104.83429718017578125,anonymous,EN,4 or more,37,Female,Doctorate degree,None of the above,Very,More than 2 years,Voluntary,A few times per month,Not enabled,Not enabled,Enabled,,,Text message,Somewhat agree,Strongly agree,Strongly agree,Somewhat agree,Strongly agree,Somewhat agree,"try to remember how to do it or if i have had it enabled. Mostly just a feeling of irritation for the extra step. ",,Having to input the code before the countdown timer expires,,Its an obnoxious extra step that sometimes can go wrong,"expired time, lost the device it goes to. Have change how the 2fa works. ",Often,Never,Sometimes,No,,Yes,lost my phone,"the extra step. ",30081,,,
2021-10-20 16:16:48,2021-10-20 16:19:33,IP Address,173.24.227.204,100,164,True,2021-10-20 16:19:33,R_2aRICAETjmQk022,,,,,37.167999267578125,-93.30390167236328125,anonymous,EN,1,40,Male,"Some college, no degree",None of the above,Very,More than 2 years,Mandated,A few times per month,,Not enabled,Enabled,,,"Text message,App Code",Somewhat disagree,Somewhat agree,Somewhat agree,Neither agree nor disagree,Strongly agree,Somewhat disagree,,,Having to input the code before the countdown timer expires,,,,Sometimes,,Sometimes,No,,Yes,Lost my phone,Required too often for sites that don't really need that much security,17161,,,
2021-10-20 16:17:52,2021-10-20 16:19:33,IP Address,24.10.48.19,100,101,True,2021-10-20 16:19:33,R_3iVY5a73GIJW6JE,,,,,38.2722930908203125,-121.29759979248046875,anonymous,EN,4 or more,31,Female,"Some college, no degree",College staff,Moderately,More than 2 years,Voluntary,A few times per week,,Enabled,Enabled,,Text message,"Text message,Security Key",Somewhat disagree,Somewhat agree,Strongly disagree,Somewhat disagree,Somewhat agree,Somewhat disagree,,,,,,,Never,Never,Never,No,,No,,Sometimes having to type in a long string is annoying.,16982,,,
2021-10-20 16:17:09,2021-10-20 16:20:00,IP Address,73.123.179.39,100,171,True,2021-10-20 16:20:01,R_2vkzUhrXZFXHBJs,,,,,42.460906982421875,-71.0074005126953125,anonymous,EN,4 or more,26,Male,"Some college, no degree",None of the above,Moderately,More than 2 years,Voluntary,A few times per month,Enabled,Enabled,Enabled,"Text message,App Code","Text message,App Code","Text message,App Code",Somewhat disagree,Strongly agree,Strongly disagree,Strongly disagree,Strongly agree,Strongly disagree,,,,,,,Sometimes,Never,Never,No,,No,,The only thing I dislike is some 2FA systems require you to re authenticate your device after a set amount of time. It gets a bit annoying,11317,,,
2021-10-20 16:19:36,2021-10-20 16:21:24,IP Address,68.2.49.133,100,108,True,2021-10-20 16:21:24,R_28SBiqMhhNxExfF,,,,,33.3123931884765625,-111.91950225830078125,anonymous,EN,4 or more,32,Male,Bachelor's degree,College student,Very,More than 2 years,Voluntary,1 or more times a day,,,Enabled,,,App Code,Strongly disagree,Strongly agree,Strongly disagree,Strongly disagree,Strongly disagree,Strongly disagree,,,,,,,Sometimes,Never,Rarely,No,,No,,I find email and sms methods insecure,17281,,,
2021-10-20 16:18:30,2021-10-20 16:21:27,IP Address,67.7.27.221,100,176,True,2021-10-20 16:21:27,R_28XQ5SsHMLhegf9,,,,,31.75830078125,-95.6365966796875,anonymous,EN,4 or more,62,Male,"Some college, no degree",None of the above,Moderately,More than 2 years,Voluntary,A few times per month,,,Enabled,,,"Text message,Phone Call",Strongly disagree,Strongly agree,Strongly disagree,Strongly disagree,Strongly disagree,Strongly disagree,,,,,,,Never,Never,Never,No,,No,,"There is one account that is just slow to respond, so that's a little annoying, but overall, no problems.",43356,,,
2021-10-20 16:20:03,2021-10-20 16:22:57,IP Address,98.216.225.21,100,174,True,2021-10-20 16:22:57,R_3HhpPivTIO0M4rz,,,,,42.05810546875,-70.80770111083984375,anonymous,EN,3,33,Female,Bachelor's degree,None of the above,Extremely,Less than 1 year,Incentivized,A few times per week,,Enabled,Enabled,,Push,Push,Strongly disagree,Strongly agree,Somewhat agree,Somewhat disagree,Neither agree nor disagree,Strongly disagree,,,Having to input the code before the countdown timer expires,,,,Never,,Never,Yes,Never,No,,I feel rushed to activate it,60846,,,
2021-10-20 16:20:39,2021-10-20 16:23:02,IP Address,52.128.53.190,100,142,True,2021-10-20 16:23:02,R_3jcdfYzvRGp0rrk,,,,,32.7519073486328125,-97.68579864501953125,anonymous,EN,4 or more,28,Male,High school graduate,None of the above,Very,More than 2 years,Voluntary,1 or more times a day,,,Enabled,,,"Text message,Push,Security Key",Somewhat disagree,Somewhat agree,Somewhat disagree,Somewhat disagree,Somewhat disagree,Somewhat disagree,,,,,,,Always,,Sometimes,Yes,Often,No,,"It can be a bit of a hassle, especially if there is a timer that you have to beat; e.g. Steam Authenticator is a good example of that, other than that not much to dislike.",12873,,,
2021-10-20 16:18:57,2021-10-20 16:23:09,IP Address,173.91.7.185,100,251,True,2021-10-20 16:23:09,R_pmbB1lL4qlZCOFX,,,,,41.56219482421875,-81.48419952392578125,anonymous,EN,4 or more,46,Male,Bachelor's degree,None of the above,Very,More than 2 years,Voluntary,A few times per week,,Enabled,Enabled,,Text message,Text message,Strongly disagree,Strongly agree,Strongly disagree,Strongly disagree,Strongly disagree,Strongly disagree,,,,,,,Sometimes,Sometimes,Rarely,Yes,Often,Yes,I've had several crypto brokerage accounts that I lost access to because I got a new phone and I needed to reidentify and wait. I believe there have been a few other cases but don't recall the details atm.,"I don't like when it is required or they don't offer a trusted source option. For instance, I don't mind that several of my brokerage accounts recognize this IP and only force me to use 2FA once a month.",14311,,,
2021-10-20 16:21:49,2021-10-20 16:23:28,IP Address,76.86.236.35,100,98,True,2021-10-20 16:23:28,R_yQIzY3DUBLjwcff,,,,,34.12109375,-117.4362030029296875,anonymous,EN,3,33,Male,Bachelor's degree,None of the above,Very,More than 2 years,Voluntary,A few times per week,,Enabled,Enabled,,"Text message,Security Key","Text message,Security Key",Strongly disagree,Strongly agree,Strongly disagree,Strongly disagree,Strongly disagree,Strongly disagree,,,,,,,Never,Never,Never,No,,No,,There is nothing i really dislike about it. It's basically only that there's an extra step in it.,28413,,,
2021-10-20 16:19:49,2021-10-20 16:24:28,IP Address,67.233.187.157,100,279,True,2021-10-20 16:24:29,R_TaTXEJ5PGyVLDgt,,,,,28.927398681640625,-81.981903076171875,anonymous,EN,4 or more,52,Male,Associate's degree,None of the above,Extremely,More than 2 years,Mandated,A few times per week,,,Enabled,,,"Text message,App Code",Neither agree nor disagree,Strongly agree,Somewhat agree,Somewhat disagree,Somewhat disagree,Strongly disagree,,,Having to input the code before the countdown timer expires,,,,Rarely,Never,Never,No,,No,,"That it usually requires your phone to be handy to receive a call or text message. Although, some services will offer an email option or app code, though.",93887,,,
2021-10-20 16:20:50,2021-10-20 16:24:33,IP Address,65.33.104.140,100,223,True,2021-10-20 16:24:33,R_2Xb3neywrWwWLaW,,,,,28.020599365234375,-82.4573974609375,anonymous,EN,1,28,Female,Associate's degree,None of the above,Moderately,More than 2 years,Voluntary,1 or more times a day,Enabled,Enabled,Enabled,Text message,Text message,Text message,Strongly disagree,Somewhat agree,Strongly disagree,Strongly disagree,Strongly disagree,Strongly disagree,,,,,,,Sometimes,Often,Always,No,,No,,Nothing I like it very much,15488,,,
2021-10-20 16:23:00,2021-10-20 16:24:52,IP Address,73.189.186.35,100,112,True,2021-10-20 16:24:52,R_UARCmjKeNnWjv2h,,,,,37.3372039794921875,-121.798004150390625,anonymous,EN,4 or more,38,Male,Bachelor's degree,None of the above,Extremely,More than 2 years,Voluntary,1 or more times a day,,Enabled,Enabled,,Security Key,"Text message,Push,Phone Call,App Code,Security Key",Strongly disagree,Strongly agree,Strongly disagree,Strongly disagree,Somewhat disagree,Strongly disagree,,,,,,,Always,Sometimes,Sometimes,Yes,Often,No,,it's annoying if you have a lot of accounts,37003,,,
2021-10-20 16:20:55,2021-10-20 16:25:22,IP Address,68.3.205.82,100,266,True,2021-10-20 16:25:22,R_2EbBg0VQoDVLQ75,,,,,33.3054046630859375,-111.7400970458984375,anonymous,EN,3,40,Male,Bachelor's degree,None of the above,Very,More than 2 years,Voluntary,A few times per month,,Enabled,Enabled,,Text message,Text message,Somewhat agree,Strongly agree,Somewhat agree,Strongly disagree,Somewhat agree,Somewhat disagree,It can be annoying figuring out which device has what,,Having to input the code before the countdown timer expires,,,,Never,Never,Never,Yes,Never,No,,It's just another annoying step sometimes.,62195,,,
2021-10-20 16:20:56,2021-10-20 16:27:55,IP Address,68.11.25.137,100,419,True,2021-10-20 16:27:55,R_V53iZTQVCETChZD,,,,,29.93170166015625,-90.10260009765625,anonymous,EN,4 or more,71,Male,Master's degree,None of the above,Moderately,More than 2 years,Voluntary,A few times per week,,Enabled,Enabled,,Text message,Text message,Strongly disagree,Strongly agree,Strongly disagree,Strongly disagree,Strongly disagree,Strongly disagree,,,,,,,Never,Never,Never,Yes,Never,No,,I don't dislike anything about it. It meets my security needs.,62050,,,
2021-10-20 16:29:00,2021-10-20 16:31:54,IP Address,108.31.82.249,100,174,True,2021-10-20 16:31:54,R_1Qmdqt5vlPb3Eth,,,,,39.1360931396484375,-77.28240203857421875,anonymous,EN,4 or more,39,Female,Associate's degree,None of the above,Moderately,1 - 2 years,Mandated,1 or more times a day,,Enabled,Enabled,,"App Code,Security Key","App Code,Security Key",Strongly disagree,Strongly disagree,Somewhat agree,Strongly disagree,Strongly agree,Strongly disagree,,I usually have a lot of things going on at once and getting my phone for 2FA can be demanding.,Having to input the code before the countdown timer expires,,,,Never,Never,Never,No,,No,,I fear losing the device I have it on.,14569,,,
2021-10-20 16:25:27,2021-10-20 16:35:04,IP Address,131.106.53.170,100,577,True,2021-10-20 16:35:05,R_1JEDWcieLRpMP2d,,,,,40.6027069091796875,-75.4777984619140625,anonymous,EN,2,39,Male,Bachelor's degree,None of the above,Very,More than 2 years,Mandated,A few times per week,,Enabled,Enabled,,App Code,"Push,App Code",Somewhat disagree,Somewhat agree,Somewhat disagree,Somewhat disagree,Neither agree nor disagree,Somewhat disagree,,,,,,,Sometimes,Rarely,Rarely,Yes,Sometimes,No,,It is sometimes inconvenient to use when I am in a hurry.,14488,,,
2021-10-20 16:32:25,2021-10-20 16:36:39,IP Address,98.195.142.145,100,253,True,2021-10-20 16:36:39,R_1PUeCvgvIexIeH8,,,,,29.386505126953125,-94.99629974365234375,anonymous,EN,2,47,Male,High school graduate,None of the above,Somewhat,1 - 2 years,Voluntary,A few times per week,,,Enabled,,,"Text message,App Code,Security Key",Strongly disagree,Strongly disagree,Strongly disagree,Strongly disagree,Strongly disagree,Strongly disagree,,It is not,,,,,,,Rarely,No,,No,,It can be slow sometimes,46254,,,
2021-10-20 16:32:44,2021-10-20 16:37:35,IP Address,184.2.68.223,100,291,True,2021-10-20 16:37:35,R_2bV1nkHj9CCFiVu,,,,,38.0995025634765625,-78.40850067138671875,anonymous,EN,2,65,Female,Doctorate degree,None of the above,Moderately,More than 2 years,Voluntary,A few times per week,,Not enabled,Enabled,,,Phone Call,Somewhat disagree,Somewhat agree,Somewhat agree,Somewhat disagree,Neither agree nor disagree,Somewhat disagree,,,Other,Having to find/go get my phone sometimes makes me a little annoyed/rushed,,,Never,Never,Never,No,,No,,"Mostly I like it but there are times when I don't have my phone at hand, and then it is a little annoying to have to stop what I am doing to go and get it.",42087,,,
2021-10-20 16:34:39,2021-10-20 16:38:16,IP Address,73.167.139.233,100,217,True,2021-10-20 16:38:16,R_1mt5EDtztashIpf,,,,,43.617095947265625,-72.96360015869140625,anonymous,EN,4 or more,34,Male,Bachelor's degree,None of the above,Very,More than 2 years,Voluntary,A few times per week,,Enabled,Enabled,,Text message,Text message,Somewhat disagree,Strongly agree,Strongly disagree,Somewhat disagree,Somewhat agree,Strongly disagree,,,,,,,Often,Never,Never,No,,Yes,"The company that controls the account made a mistake somewhere so when I changed my phone number on my account it was not updated with the 2 Factor Authentication phone number. So, I have a new phone now but the 2 Factor Authentication asks my if I want to send the text message to the phone number that I no longer have, but have changed on my profile.",It takes longer to log in and it can be extremely inconvenient when things like the problem I previously mentioned (i.e. phone number not being updated by 2FA when it was changed in user account) occur.,61041,,,
2021-10-20 16:40:39,2021-10-20 16:40:44,IP Address,68.8.163.160,100,5,True,2021-10-20 16:40:44,R_2rjWzSDXItVcxVr,,,,,32.7104034423828125,-117.05279541015625,anonymous,EN,0,,,,,,,,,,,,,,,,,,,,,,,,,,,,,,,,,,,91963,,,
2021-10-20 16:37:58,2021-10-20 16:41:34,IP Address,73.171.167.142,100,216,True,2021-10-20 16:41:34,R_1j6xDyR3H3qph2C,,,,,30.1222991943359375,-81.362701416015625,anonymous,EN,2,70,Male,Master's degree,None of the above,Moderately,1 - 2 years,Voluntary,1 or more times a day,Not enabled,Not enabled,Enabled,,,Text message,Somewhat disagree,Strongly agree,Somewhat disagree,Strongly disagree,Somewhat disagree,Somewhat disagree,,,,,,,Rarely,Never,Rarely,No,,No,,"Not very much because I understand why it is done.  I have 2 accounts that use it and both are financial accounts.  It is an extra step, but necessary.",91879,,,
2021-10-20 16:41:16,2021-10-20 16:42:35,IP Address,104.139.104.189,100,78,True,2021-10-20 16:42:35,R_3G6sT7sYkreoW4v,,,,,35.089202880859375,-80.81939697265625,anonymous,EN,4 or more,62,Male,High school graduate,None of the above,Moderately,More than 2 years,Voluntary,A few times per month,,,Enabled,,,Security Key,Strongly disagree,Strongly agree,Strongly disagree,Strongly disagree,Strongly disagree,Strongly disagree,,,,,,,Never,Never,Never,No,,No,,The extra time it takes to log in,46888,,,
2021-10-20 16:40:45,2021-10-20 16:42:43,IP Address,73.225.165.65,100,118,True,2021-10-20 16:42:44,R_eA4InNUDnx84KC5,,,,,47.6732940673828125,-122.3426055908203125,anonymous,EN,2,55,Female,"Some college, no degree",None of the above,Moderately,1 - 2 years,Voluntary,A few times per week,,,Enabled,,,"Phone Call,Security Key",Strongly disagree,Strongly agree,Strongly disagree,Strongly disagree,Strongly disagree,Strongly disagree,,,,,,,Always,Always,Always,No,,No,,There is nothing I dislike about it - I like the added security,97385,,,
2021-10-20 16:34:34,2021-10-20 16:43:40,IP Address,50.231.89.208,100,546,True,2021-10-20 16:43:41,R_1CellOgQDN9Dgv5,,,,,29.9761962890625,-95.64009857177734375,anonymous,EN,1,30,Male,Master's degree,None of the above,Extremely,1 - 2 years,Voluntary,A few times per week,Not enabled,Enabled,Enabled,,"Text message,Push,Phone Call,App Code,Security Key","Text message,Push,Phone Call,App Code,Security Key",Strongly disagree,Strongly agree,Strongly disagree,Strongly disagree,Strongly disagree,Strongly disagree,,,,,,,Often,Often,Often,Yes,Often,No,,None,43676,,,
2021-10-20 16:42:07,2021-10-20 16:44:56,IP Address,73.76.152.116,100,168,True,2021-10-20 16:44:56,R_bCT3nTEYIXU41Xz,,,,,29.9225006103515625,-95.06150054931640625,anonymous,EN,2,37,Female,Bachelor's degree,None of the above,Very,1 - 2 years,Voluntary,A few times per week,,,Enabled,,,"Text message,Security Key",Somewhat disagree,Strongly agree,Strongly disagree,Strongly disagree,Strongly disagree,Strongly disagree,,,,,,,Never,,Never,No,,No,,sometimes I want to log in real quick and I can't do that with 2FA. Sometimes it is slower if I am out and on my phone.,44639,,,
2021-10-20 16:46:32,2021-10-20 16:46:45,IP Address,73.205.21.131,100,12,True,2021-10-20 16:46:45,R_3rJog39IdjIKBNS,,,,,26.611297607421875,-80.1743011474609375,anonymous,EN,0,,,,,,,,,,,,,,,,,,,,,,,,,,,,,,,,,,,12272,,,
2021-10-20 16:45:21,2021-10-20 16:47:56,IP Address,162.40.215.168,100,154,True,2021-10-20 16:47:56,R_3NJW5uau4lecglT,,,,,29.8096923828125,-82.467498779296875,anonymous,EN,2,35,Male,Bachelor's degree,None of the above,Extremely,More than 2 years,Voluntary,A few times per week,,Not enabled,Enabled,,Phone Call,"Text message,Phone Call",Somewhat disagree,Strongly agree,Somewhat disagree,Strongly disagree,Neither agree nor disagree,Strongly disagree,,,,,,,Often,Sometimes,Often,No,,No,,I have to be near the phone I used to sign up with the account.,33720,,,
2021-10-20 16:41:08,2021-10-20 16:48:24,IP Address,69.253.220.193,100,436,True,2021-10-20 16:48:24,R_1F3C1htRk96g1tX,,,,,40.0377960205078125,-75.06929779052734375,anonymous,EN,2,37,Male,High school graduate,None of the above,Very,1 - 2 years,Incentivized,A few times per month,,,Enabled,,,"Text message,Security Key",Somewhat agree,Somewhat disagree,Strongly agree,Somewhat agree,Somewhat agree,Somewhat disagree,Trying to find phone when loging in to on computer is a bit annoying. Which is taxing mentally.,I'm disabled. Looking for phones is not what I do.,Having to input the code before the countdown timer expires,,"The entire process is a bit cumbersome. Some pages allow copy past, some don't. Some auto paste from messanger. Some type one character per text box (my personal annoyance) which for some reason doesn't AUTO ADVANCE.",,Never,Never,Never,No,,Yes,I just remember that I had. It was too long ago to remember how.,Literally I just wrote before.,47141,,,
2021-10-20 16:17:01,2021-10-20 16:49:04,IP Address,76.115.45.184,100,1923,True,2021-10-20 16:49:05,R_W1bFFgcDslZPuEN,,,,,44.6553955078125,-123.1349945068359375,anonymous,EN,2,34,Male,Bachelor's degree,None of the above,Very,1 - 2 years,Voluntary,A few times per week,,Enabled,Enabled,,Push,Push,Somewhat disagree,Strongly agree,Somewhat disagree,Strongly disagree,Somewhat disagree,Somewhat disagree,,,,,,,Sometimes,Never,Never,Yes,Sometimes,No,,extra effort,50518,,,
2021-10-20 16:48:49,2021-10-20 16:50:34,IP Address,68.59.23.65,100,104,True,2021-10-20 16:50:34,R_VQ1XZOHwfG2rf5T,,,,,42.3887939453125,-83.1894989013671875,anonymous,EN,3,36,Female,High school graduate,None of the above,Very,More than 2 years,Mandated,A few times per week,,Enabled,Enabled,,Security Key,"Text message,App Code",Strongly disagree,Strongly agree,Strongly disagree,Strongly disagree,Strongly disagree,Strongly disagree,,,,,,,Never,Never,Never,No,,No,,"There is nothing that I dislike about 2FA. I have no complaints. ",84234,,,
2021-10-20 16:52:09,2021-10-20 16:52:15,IP Address,172.3.149.50,100,6,True,2021-10-20 16:52:16,R_3PzNGTN4M8AUZO6,,,,,26.6598052978515625,-80.24289703369140625,anonymous,EN,0,,,,,,,,,,,,,,,,,,,,,,,,,,,,,,,,,,,40638,,,
2021-10-20 16:54:58,2021-10-20 16:55:15,IP Address,68.202.107.62,100,16,True,2021-10-20 16:55:15,R_Q3WmyDhQs9ixopb,,,,,28.902496337890625,-81.2480010986328125,anonymous,EN,0,,,,,,,,,,,,,,,,,,,,,,,,,,,,,,,,,,,62851,,,
2021-10-20 16:55:44,2021-10-20 16:57:47,IP Address,174.78.9.70,100,122,True,2021-10-20 16:57:47,R_sdN0S1hwhVXQz2V,,,,,32.7404937744140625,-117.09349822998046875,anonymous,EN,3,37,Male,High school graduate,None of the above,Moderately,More than 2 years,Voluntary,A few times per week,,Enabled,Not enabled,,Text message,Text message,Strongly disagree,Strongly agree,Strongly disagree,Strongly disagree,Neither agree nor disagree,Strongly disagree,,,,,,,Always,Always,Always,No,,No,,I dislike just having to do it sometimes but it's for security so I do it anyway.,22242,,,
2021-10-20 16:50:00,2021-10-20 16:57:51,IP Address,97.94.182.160,100,470,True,2021-10-20 16:57:51,R_3HMtZqTqltJ5wJG,,,,,33.7711944580078125,-118.1454010009765625,anonymous,EN,2,31,Male,Bachelor's degree,None of the above,Very,More than 2 years,Mandated,A few times per week,,Not enabled,Enabled,,,"Text message,App Code",Somewhat agree,Somewhat agree,Strongly disagree,Neither agree nor disagree,Somewhat agree,Strongly disagree,"It's a bit annoying to have to use it. It makes everything about authentication take longer. ",,,,,,Often,Never,Never,No,,Yes,Lost my phone and my authentication with it.,It makes signing in arduous,28969,,,
2021-10-20 16:51:32,2021-10-20 16:59:25,IP Address,173.225.145.75,100,473,True,2021-10-20 16:59:26,R_3nra87hJHdh0r2v,,,,,45.7364044189453125,-94.165802001953125,anonymous,EN,2,64,Male,Bachelor's degree,None of the above,Extremely,More than 2 years,Mandated,A few times per year,,Enabled,Enabled,,Text message,Security Key,Somewhat disagree,Strongly agree,Strongly agree,Strongly agree,Strongly agree,Strongly disagree,,,Having to input the code before the countdown timer expires,,A complex password is just as safe. It's just more time out of your day and most places don't require it so when someone does they are negatively viewed for using too much security and wasting my time. It basically ia a waste of time and not needed most of the time.,,Sometimes,Sometimes,Sometimes,No,,No,,It is just another step that takes unneeded time. There is never a use for it at least with me as my network is pretty secure.,43454,,,
2021-10-20 16:58:29,2021-10-20 17:02:11,IP Address,75.32.5.219,100,222,True,2021-10-20 17:02:12,R_2wbOAdHDMUm9Afv,,,,,32.947296142578125,-96.70279693603515625,anonymous,EN,4 or more,47,Male,Bachelor's degree,None of the above,Very,More than 2 years,Voluntary,A few times per week,,,Enabled,,,"Text message,App Code,Security Key",Strongly disagree,Strongly agree,Somewhat disagree,Strongly disagree,Neither agree nor disagree,Strongly disagree,,,,,,,Often,Often,Never,No,,No,,The extra steps involved to get to where I want to be.,58103,,,
2021-10-20 16:56:38,2021-10-20 17:03:46,IP Address,104.190.197.232,100,427,True,2021-10-20 17:03:46,R_1hYXzxarXXw1X8R,,,,,35.77679443359375,-119.24140167236328125,anonymous,EN,0,,,,,,,,,,,,,,,,,,,,,,,,,,,,,,,,,,,25015,,,
2021-10-20 16:58:26,2021-10-20 17:05:02,IP Address,71.117.30.30,100,395,True,2021-10-20 17:05:02,R_2qBE9xcMSZTOv5j,,,,,39.082794189453125,-77.16739654541015625,anonymous,EN,2,29,Male,Master's degree,None of the above,Very,More than 2 years,Mandated,1 or more times a day,,Enabled,Enabled,,Push,App Code,Strongly disagree,Somewhat agree,Strongly disagree,Somewhat agree,Somewhat agree,Strongly disagree,,,,,I feel like using 2FA requires too much effort because it takes too many steps just to login. You need to have multiple devices and use them all to gain access to your accounts.,,Never,Never,Never,Yes,Never,No,,I dislike the extra steps and time it takes to login to accounts.,38241,,,
2021-10-20 17:02:35,2021-10-20 17:06:45,IP Address,71.232.130.176,100,249,True,2021-10-20 17:06:45,R_3fVqVVZAKmugRDM,,,,,42.7577972412109375,-71.46990203857421875,anonymous,EN,1,55,Male,Bachelor's degree,None of the above,Moderately,More than 2 years,Mandated,A few times per year,,,Enabled,,,Phone Call,Strongly agree,Strongly agree,Strongly agree,Strongly agree,Strongly agree,Strongly agree,I keep forgetting where I put my old cell phone number and phone.,,Having to input the code before the countdown timer expires,,Because I have to look for my old cell phone.,I couldn't find my old cell phone.,,,Sometimes,No,,Yes,I had lost my old cell phone.,It makes you use a code.,65536,,,
2021-10-20 17:02:53,2021-10-20 17:07:06,IP Address,12.206.46.59,100,253,True,2021-10-20 17:07:06,R_1P4W99oTMMuZoBa,,,,,32.7173004150390625,-117.1569976806640625,anonymous,EN,4 or more,33,Female,"Some college, no degree",None of the above,Very,More than 2 years,Mandated,A few times per week,,Enabled,Enabled,,"Text message,App Code,Security Key","Text message,Push,App Code,Security Key",Somewhat disagree,Strongly agree,Somewhat disagree,Neither agree nor disagree,Neither agree nor disagree,Somewhat disagree,,,,,,,Never,Never,Never,Yes,Rarely,No,,"I dont like the additional time it takes. Like having to wait for a text message or push notification is not always instantaneous. ",94516,,,
2021-10-20 17:01:33,2021-10-20 17:07:48,IP Address,45.146.55.97,100,374,True,2021-10-20 17:07:48,R_BwR5AntaGtfQyUF,,,,,39.2086944580078125,-81.660400390625,anonymous,EN,2,27,Male,Bachelor's degree,College faculty,Very,1 - 2 years,Incentivized,A few times per week,Enabled,Not enabled,Enabled,"Text message,Push",App Code,Phone Call,Somewhat disagree,Strongly agree,Somewhat disagree,Strongly disagree,Strongly disagree,Strongly disagree,,,,,,,Often,Rarely,Often,Yes,Often,No,,2FA really doesn't provide identity authentication,82371,,,
2021-10-20 17:12:48,2021-10-20 17:15:49,IP Address,104.3.52.139,100,180,True,2021-10-20 17:15:49,R_2B8QeP6tXecIoln,,,,,36.00140380859375,-83.91249847412109375,anonymous,EN,4 or more,36,Female,"Some college, no degree",None of the above,Moderately,More than 2 years,Voluntary,A few times per week,,,Enabled,,,Text message,Strongly disagree,Strongly agree,Strongly disagree,Strongly disagree,Strongly disagree,Strongly disagree,,,,,,,Never,Never,Never,No,,No,,It takes longer,46043,,,
2021-10-20 17:16:49,2021-10-20 17:18:56,IP Address,97.84.231.16,100,126,True,2021-10-20 17:18:56,R_1Fs49i3Spquxqui,,,,,42.8123016357421875,-86.14209747314453125,anonymous,EN,4 or more,40,Male,"Some college, no degree",None of the above,Very,More than 2 years,Voluntary,A few times per week,,Enabled,Enabled,,"Push,App Code","Text message,Push,App Code",Strongly disagree,Strongly agree,Strongly disagree,Strongly disagree,Somewhat disagree,Strongly disagree,,,,,,,Never,Never,Never,Yes,Sometimes,No,,It takes a bit longer to log in.,93815,,,
2021-10-20 17:17:11,2021-10-20 17:19:08,IP Address,69.216.102.103,100,116,True,2021-10-20 17:19:08,R_3iPzoZ4Bq8CEAhr,,,,,37.704498291015625,-122.0742034912109375,anonymous,EN,4 or more,33,Male,Bachelor's degree,None of the above,Extremely,More than 2 years,Voluntary,1 or more times a day,,Enabled,Enabled,,App Code,"Text message,App Code,Security Key",Strongly disagree,Strongly agree,Strongly disagree,Strongly disagree,Strongly disagree,Strongly disagree,,,,,,,Sometimes,Never,Never,No,,No,,Nothing,92958,,,
2021-10-20 17:17:53,2021-10-20 17:21:12,IP Address,47.204.34.122,100,198,True,2021-10-20 17:21:12,R_2QSBZq1RSpooRVH,,,,,28.0980072021484375,-81.494903564453125,anonymous,EN,4 or more,53,Male,Bachelor's degree,None of the above,Extremely,More than 2 years,Voluntary,A few times per month,,Enabled,Enabled,,Text message,Text message,Strongly disagree,Strongly agree,Strongly disagree,Strongly disagree,Strongly disagree,Strongly disagree,,,,,,,Rarely,Rarely,Rarely,Yes,Sometimes,No,,"It just takes a little longer to do. ",81201,,,
2021-10-20 17:19:19,2021-10-20 17:21:51,IP Address,69.23.235.1,100,152,True,2021-10-20 17:21:54,R_1fdP81YkSVtFeBB,,,,,38.21319580078125,-84.545501708984375,anonymous,EN,2,35,Female,Associate's degree,None of the above,Very,More than 2 years,Voluntary,A few times per year,,,Enabled,,,"Text message,App Code",Strongly disagree,Strongly agree,Strongly disagree,Strongly disagree,Strongly disagree,Strongly disagree,,,,,,,Never,,Never,No,,No,,I dislike being asked to do when it's not for an account I want to do it for.,97049,,,
2021-10-20 17:15:24,2021-10-20 17:22:53,IP Address,68.7.142.228,100,448,True,2021-10-20 17:22:53,R_1jwA3ZRfuoabhPj,,,,,32.73980712890625,-117.02700042724609375,anonymous,EN,4 or more,68,Male,"Some college, no degree",None of the above,Moderately,More than 2 years,Mandated,A few times per week,,Not enabled,Enabled,,,Text message,Somewhat disagree,Strongly agree,Somewhat disagree,Somewhat disagree,Somewhat agree,Somewhat disagree,,,,,,,Sometimes,Never,Never,No,,No,,"Some websites ask you if you want to enable 2FA every time you log in. It annoys me when I don't care about the security of that Website. ",70088,,,
2021-10-20 17:18:49,2021-10-20 17:24:39,IP Address,24.151.251.22,100,350,True,2021-10-20 17:24:39,R_3qCf69n5ABS0Gl3,,,,,36.2239990234375,-83.317901611328125,anonymous,EN,3,41,Female,Bachelor's degree,None of the above,Moderately,More than 2 years,Mandated,A few times per week,,Not enabled,Enabled,,Text message,Text message,Somewhat disagree,Strongly agree,Somewhat agree,Somewhat agree,Somewhat agree,Strongly disagree,,,Other,"I often have to go find my phone, which is frequently misplaced (I don't realize its not near when initiating login), in combination with inputting code before timer runs out",Unjustifiable laziness....just too many steps.,,Never,Never,Never,No,,No,,"Having to go through the process each and every time for some accounts. ",86216,,,
2021-10-20 17:15:59,2021-10-20 17:25:14,IP Address,172.115.116.106,100,555,True,2021-10-20 17:25:15,R_24xhLMuUQYQdCAf,,,,,34.21929931640625,-118.98419952392578125,anonymous,EN,3,56,Female,Bachelor's degree,None of the above,Moderately,1 - 2 years,Mandated,A few times per month,,,Enabled,,,"Text message,App Code",Somewhat agree,Somewhat disagree,Strongly disagree,Somewhat agree,Somewhat agree,Neither agree nor disagree,It's a pain having to make sure you have all your devices around you at the time you are going to need them. Remembering passwords is hard enough. It requires forethought. It is almost discouraging in some ways.,Getting up to gather the phone or the ipad or whatever device I am going to need to continue with 2FA. Sometimes you have to remember log in codes for those devices before you can access them to do the 2FA.,,,"It's just a chore. You have remember codes, remember devices. It takes more time. It's not just inserting an extra step - it feels like an extra 2 or 3 steps just so I can get back to what I needed to do in the first place.",,Sometimes,Never,Never,No,,No,,It's great in theory and actually necessary in many scenarios but it stops my forward momentum for whatever I am doing. I have to halt to address it before I can move on.,29581,,,
2021-10-20 17:23:35,2021-10-20 17:25:35,IP Address,74.109.217.95,100,120,True,2021-10-20 17:25:36,R_1QyGCDewQ6yGRlo,,,,,40.4235992431640625,-79.9824981689453125,anonymous,EN,4 or more,35,Male,"Some college, no degree",None of the above,Very,More than 2 years,Voluntary,A few times per week,Not enabled,Enabled,Enabled,,Text message,Text message,Strongly disagree,Strongly agree,Strongly disagree,Strongly disagree,Somewhat disagree,Strongly disagree,,,,,,,Often,Rarely,Sometimes,No,,No,,it takes too much time due to the extra step that is needed to authenticate myself.,51586,,,
2021-10-20 17:27:43,2021-10-20 17:29:08,IP Address,73.253.75.176,100,84,True,2021-10-20 17:29:08,R_2V3AFmXHmxZ9uYt,,,,,42.456695556640625,-71.37470245361328125,anonymous,EN,4 or more,25,Female,Bachelor's degree,None of the above,Extremely,More than 2 years,Voluntary,1 or more times a day,,Not enabled,Enabled,,,Text message,Strongly disagree,Strongly agree,Somewhat disagree,Strongly disagree,Strongly disagree,Strongly disagree,,,,,,,Never,Never,Never,Yes,Never,No,,The timers on most make me feel rushed.,92564,,,
2021-10-20 17:15:39,2021-10-20 17:29:10,IP Address,147.124.214.241,100,810,True,2021-10-20 17:29:10,R_3HII8owLdJBTB9A,,,,,32.776702880859375,-96.80500030517578125,anonymous,EN,1,47,Female,Bachelor's degree,College staff,Moderately,1 - 2 years,Mandated,A few times per week,Not enabled,,Enabled,"Phone Call,App Code","Text message,Push,Phone Call,App Code","Text message,Push,Phone Call,App Code",Somewhat agree,Somewhat disagree,Neither agree nor disagree,Somewhat agree,Somewhat agree,Somewhat disagree,"YA 2FA ,MONEY TRANSFER IS EASY TO LOGIN",EVERYONE IS USING THIS SO EASLIY LOGGED IN,,,YA FOR GOOD PURPOSE ONLINE ACCOUNT TO SAVE MONEY .BECAUSE TRUSTFULL  FOR THE REASONS,,Always,Often,Often,Yes,Sometimes,No,,"NOTHING DISLIKED ,A GREAT SAFETY ACCOUNT",94723,,,
2021-10-20 17:18:22,2021-10-20 17:30:18,IP Address,54.219.214.50,100,716,True,2021-10-20 17:30:19,R_3n6tHCENB6XvabJ,,,,,37.33880615234375,-121.8916015625,anonymous,EN,2,35,Female,Bachelor's degree,College staff,Moderately,1 - 2 years,Incentivized,A few times per week,Enabled,Not enabled,Enabled,Security Key,App Code,Phone Call,Somewhat agree,Neither agree nor disagree,Strongly agree,Neither agree nor disagree,Somewhat agree,Neither agree nor disagree,"Duo's two-factor authentication (2FA) solution lets you quickly and easily verify users' identities with a second, out-of-band form of identification.",,Having to input the code before the countdown timer expires,,,,Sometimes,Often,Always,Yes,Often,No,,NO. I LIKE 2FA,26732,,,
2021-10-20 17:17:26,2021-10-20 17:31:43,IP Address,147.124.214.250,100,857,True,2021-10-20 17:31:43,R_9ytUWC42omiTMRP,,,,,32.776702880859375,-96.80500030517578125,anonymous,EN,1,43,Female,Bachelor's degree,College staff,Moderately,Less than 1 year,Mandated,A few times per week,,Enabled,,,Phone Call,,Somewhat agree,Neither agree nor disagree,Somewhat agree,Somewhat agree,Somewhat agree,Neither agree nor disagree,I LIKE TO USE IT,,Having to input the code before the countdown timer expires,,I FEEL COMFORTABLE TO LOGIN,,Always,Often,Always,Yes,Sometimes,No,,NOTHING,18183,,,
2021-10-20 17:35:36,2021-10-20 17:39:05,IP Address,73.67.133.254,100,209,True,2021-10-20 17:39:05,R_1hJSDkOoZIrLjlQ,,,,,45.5032958984375,-122.7743988037109375,anonymous,EN,2,32,Male,High school graduate,None of the above,Moderately,More than 2 years,Voluntary,A few times per year,,,Enabled,,,"Text message,Security Key",Strongly disagree,Strongly agree,Somewhat disagree,Somewhat disagree,Somewhat agree,Strongly disagree,,,,,,,Sometimes,,Never,No,,No,,Extra steps and so far I don't think it has helped to keep my accounts any more secure.,25913,,,
2021-10-20 17:43:37,2021-10-20 17:43:42,IP Address,45.52.50.103,100,5,True,2021-10-20 17:43:43,R_10BLnD3ydjJQ3ku,,,,,44.61639404296875,-94.0749969482421875,anonymous,EN,0,,,,,,,,,,,,,,,,,,,,,,,,,,,,,,,,,,,93919,,,
2021-10-20 17:38:37,2021-10-20 17:44:54,IP Address,24.95.181.46,100,376,True,2021-10-20 17:44:54,R_1gGR9zPmgbbtuO5,,,,,38.473602294921875,-82.64129638671875,anonymous,EN,1,49,Female,Bachelor's degree,None of the above,Moderately,More than 2 years,Mandated,A few times per year,,,Enabled,,,Phone Call,Somewhat agree,Strongly agree,Somewhat disagree,Somewhat disagree,Somewhat agree,Somewhat disagree,I have to think about both authenticators and be ready to accept and listen to a phone call or use a security key.,,,,,,Rarely,,,No,,No,,The 2FA process takes longer and goes through extra steps beyond a password to identify you.  I also have to be sure I can take the phone call and enter the security code correctly.,12526,,,
2021-10-20 17:44:05,2021-10-20 17:46:42,IP Address,73.130.10.108,100,156,True,2021-10-20 17:46:42,R_XtspVYaQBT4RGo1,,,,,40.2743988037109375,-76.70619964599609375,anonymous,EN,2,49,Male,High school graduate,None of the above,Moderately,More than 2 years,Mandated,A few times per month,,,Enabled,,,"Text message,App Code",Somewhat agree,Somewhat disagree,Neither agree nor disagree,Somewhat agree,Strongly agree,Somewhat agree,"Because I have to enter a password, wait for a text message, then enter that code",I need to find my phone and use it to log into the website along with the computer,,,Because it's too may steps and I don't believe it's all that secure,Text message either slow or doesn't come at all,Never,,Never,No,,No,,"Too many steps, take too long to log in",53490,,,
2021-10-20 17:40:52,2021-10-20 17:48:46,IP Address,184.91.127.17,100,473,True,2021-10-20 17:48:46,R_1nPJ6pa60qyGcBG,,,,,28.7115020751953125,-81.51349639892578125,anonymous,EN,4 or more,42,Female,High school graduate,None of the above,Moderately,More than 2 years,Voluntary,A few times per week,,,Enabled,,,App Code,Strongly disagree,Strongly agree,Somewhat agree,Strongly disagree,Strongly disagree,Strongly disagree,,,Having to input the code before the countdown timer expires,,,,Never,,,Yes,Never,No,,Having to take the time to load up the app for the code and then having to put the code in before it resets.,24530,,,
2021-10-20 17:46:45,2021-10-20 17:48:57,IP Address,71.71.48.245,100,132,True,2021-10-20 17:48:57,R_3D6c5FKcsjub4zd,,,,,35.8726043701171875,-80.09290313720703125,anonymous,EN,2,40,Male,Associate's degree,None of the above,Moderately,More than 2 years,Voluntary,A few times per week,Not enabled,Not enabled,Enabled,,,Text message,Somewhat disagree,Somewhat agree,Somewhat disagree,Somewhat disagree,Neither agree nor disagree,Somewhat disagree,,,,,,,Never,Never,Never,No,,No,,I have to find my phone.,56469,,,
2021-10-20 17:44:57,2021-10-20 17:49:28,IP Address,47.208.95.6,100,270,True,2021-10-20 17:49:28,R_3HH3MVuYhoBveX8,,,,,40.797698974609375,-124.15650177001953125,anonymous,EN,2,40,Male,Bachelor's degree,None of the above,Moderately,More than 2 years,Voluntary,A few times per week,,,Enabled,,,"Text message,App Code",Strongly disagree,Strongly agree,Somewhat disagree,Strongly disagree,Strongly disagree,Strongly disagree,,,,,,,Often,,Often,No,,No,,"Nothing really. I question how  much extra security it provides, but other than that I don't have any issue with it. I use both google authenticator and also get texts for another account. It is pretty straightforward ",25384,,,
2021-10-20 17:47:36,2021-10-20 17:50:26,IP Address,174.110.240.220,100,169,True,2021-10-20 17:50:26,R_1myJJPgHwGkm2Wt,,,,,35.001007080078125,-78.93450164794921875,anonymous,EN,4 or more,47,Male,Bachelor's degree,None of the above,Extremely,More than 2 years,Voluntary,1 or more times a day,,Enabled,Enabled,,App Code,"App Code,Security Key",Strongly disagree,Strongly agree,Strongly disagree,Strongly disagree,Strongly disagree,Strongly disagree,,,,,,,Always,Always,Always,Yes,Always,No,,If a provider only provides the 2FA that sends codes via SMS which is insecure.,30524,,,
2021-10-20 17:52:08,2021-10-20 17:54:52,IP Address,73.193.30.110,100,163,True,2021-10-20 17:54:52,R_21zx1MdmQUtZSmU,,,,,48.7989959716796875,-122.4499053955078125,anonymous,EN,4 or more,28,Female,Bachelor's degree,None of the above,Moderately,More than 2 years,Voluntary,A few times per month,,,Enabled,,,"Text message,App Code,Security Key",Strongly disagree,Strongly agree,Strongly disagree,Strongly disagree,Strongly disagree,Strongly disagree,,,,,,,Never,,Never,No,,No,,"Nothing really. If you're trying to login to something quickly then it can be annoying for a split second, but I know it's beneficial overall so it doesn't actually bother me.",64967,,,
2021-10-20 17:54:05,2021-10-20 17:56:30,IP Address,97.71.158.165,100,144,True,2021-10-20 17:56:30,R_AidtJTgN3meMmtP,,,,,28.2534027099609375,-81.64209747314453125,anonymous,EN,1,43,Female,Bachelor's degree,None of the above,Moderately,1 - 2 years,Voluntary,1 or more times a day,,Enabled,Enabled,,Security Key,Security Key,Strongly disagree,Strongly agree,Strongly disagree,Strongly disagree,Strongly disagree,Strongly disagree,,,,,,,,,,No,,No,,unsure,77486,,,
2021-10-20 17:51:53,2021-10-20 18:00:27,IP Address,71.218.187.91,100,513,True,2021-10-20 18:00:28,R_XQVxEa0HzRF0mc1,,,,,39.7301025390625,-104.90779876708984375,anonymous,EN,3,31,Male,"Some college, no degree",None of the above,Moderately,More than 2 years,Mandated,A few times per month,,Enabled,Enabled,,"Text message,Security Key","Text message,Security Key",Somewhat agree,Strongly agree,Neither agree nor disagree,Somewhat agree,Somewhat agree,Somewhat agree,It requires me recalling tice the information I normally would have to as well as having to keep track of my phone and entering the code information to access it along with the verification process I use it for.,,,,"There re numerous steps to take to complete it, it often takes over  a minute, often multiple, I have to keep track of and access multiple devices like my phone.",Keeping track of my phone. Sometimes having to wait minutes for  code to be sent. Accessing my code. Remembering multiple different pin numbers.,Rarely,Rarely,Never,Yes,Rarely,Yes,I forgot my pin. Also I have lost my phone or had to get a new phone number on multiple occasions.,It can be a hassle. It takes more time and mental energy to access my ccounts.,20155,,,
2021-10-20 18:11:08,2021-10-20 18:16:53,IP Address,73.69.45.121,100,344,True,2021-10-20 18:16:53,R_2doJLBx4DulGjJG,,,,,41.7111053466796875,-70.48870086669921875,anonymous,EN,2,46,Male,Master's degree,None of the above,Very,More than 2 years,Mandated,A few times per month,,Enabled,Enabled,,Text message,Text message,Strongly disagree,Somewhat agree,Somewhat agree,Somewhat disagree,Neither agree nor disagree,Strongly disagree,,,Other,I need to pick up my phone quickly enough that I can see the code without any extra work.,,,Rarely,Never,Never,No,,No,,"Not much. It only feels like a hassle when I'm in a huge rush, and that's rare enough.",11896,,,
2021-10-20 18:18:41,2021-10-20 18:18:50,IP Address,75.76.166.66,100,8,True,2021-10-20 18:18:50,R_2VL2ipNGtMtqfaW,,,,,44.1414947509765625,-103.2052001953125,anonymous,EN,0,,,,,,,,,,,,,,,,,,,,,,,,,,,,,,,,,,,79915,,,
2021-10-20 18:23:07,2021-10-20 18:26:46,IP Address,72.239.44.102,100,219,True,2021-10-20 18:26:46,R_2Xj1mwrB6GXZtDn,,,,,28.57269287109375,-80.8206024169921875,anonymous,EN,3,55,Female,Associate's degree,None of the above,Moderately,More than 2 years,Mandated,A few times per month,,Enabled,Not enabled,,"App Code,Security Key",,Strongly disagree,Strongly agree,Strongly disagree,Strongly disagree,Strongly agree,Strongly disagree,,,,,,,,Always,,No,,No,,I am use to it now at the beginning I would forget the information that I needed like the code,55033,,,
2021-10-20 18:41:29,2021-10-20 18:41:51,IP Address,45.144.80.95,100,22,True,2021-10-20 18:41:51,R_DIGagjKozVTFeed,,,,,34.0543975830078125,-118.2440032958984375,anonymous,EN,0,,,,,,,,,,,,,,,,,,,,,,,,,,,,,,,,,,,64583,,,
2021-10-20 18:45:26,2021-10-20 18:49:19,IP Address,73.73.137.181,100,232,True,2021-10-20 18:49:19,R_yjXfqAu7fSybsUF,,,,,42.046905517578125,-88.1051025390625,anonymous,EN,2,40,Male,Bachelor's degree,None of the above,Very,1 - 2 years,Voluntary,A few times per week,,Enabled,Enabled,,Security Key,"App Code,Security Key",Strongly disagree,Strongly agree,Strongly disagree,Strongly disagree,Strongly disagree,Strongly disagree,,,,,,,Always,Often,Always,No,,No,,"The extra step and time it takes,  but I guess that is the point.",23122,,,
2021-10-20 18:54:44,2021-10-20 18:56:33,IP Address,69.254.172.132,100,109,True,2021-10-20 18:56:33,R_1kNB1WpIZBK3UZc,,,,,30.4907989501953125,-84.31580352783203125,anonymous,EN,3,24,Male,"Some college, no degree",College student,Extremely,1 - 2 years,Voluntary,A few times per week,Not enabled,Not enabled,Enabled,Text message,Text message,"Text message,App Code",Neither agree nor disagree,Strongly disagree,Somewhat disagree,Somewhat disagree,Strongly disagree,Somewhat disagree,,because some of them are on my phone that is usually not charged.,,,,,Sometimes,Never,Never,No,,No,,Its annoying,90222,,,
2021-10-20 19:07:31,2021-10-20 19:10:02,IP Address,23.117.240.246,100,150,True,2021-10-20 19:10:02,R_2uDPQ3YP9wx8Clm,,,,,29.64599609375,-95.80229949951171875,anonymous,EN,2,29,Male,Bachelor's degree,None of the above,Extremely,More than 2 years,Voluntary,1 or more times a day,,Enabled,Enabled,,Text message,Text message,Strongly disagree,Strongly disagree,Strongly disagree,Strongly disagree,Somewhat disagree,Strongly disagree,,I just sometimes need to look for my phone or pull it out of my pocket in order to login to something.,,,,,Sometimes,Never,Never,Yes,Sometimes,No,,"It seems useful, so nothing really.",48338,,,
2021-10-20 19:11:38,2021-10-20 19:24:57,IP Address,47.13.109.208,100,799,True,2021-10-20 19:24:58,R_1j9d9us92SgGMWA,,,,,36.3031005859375,-88.31259918212890625,anonymous,EN,4 or more,44,Male,High school graduate,None of the above,Moderately,More than 2 years,Mandated,A few times per week,,,Enabled,,,Text message,Somewhat disagree,Strongly agree,Strongly disagree,Somewhat disagree,Somewhat disagree,Strongly disagree,,,,,,,,,Rarely,No,,Yes,because i don.t have access to the phone number i use for 1 of my account.,nothing really.,34287,,,
2021-10-20 20:20:12,2021-10-20 20:27:21,IP Address,207.255.130.97,100,429,True,2021-10-20 20:27:21,R_1resAAAyu9ZZT6D,,,,,40.507598876953125,-78.3925018310546875,anonymous,EN,4 or more,35,Male,Bachelor's degree,None of the above,Very,More than 2 years,Voluntary,A few times per month,,,Enabled,,Security Key,"Text message,Push,App Code",Somewhat disagree,Strongly agree,Somewhat disagree,Somewhat disagree,Somewhat agree,Somewhat disagree,,,,,,,Sometimes,,Never,Yes,Rarely,No,,"Having to pull out my phone or, when I had work accounts, a token and type in another code on top of my passwords can be a chore, especially if it's for an account I only access from my home computer(s) anyway. I appreciate the security, but it does come with a bit of hassle.

From another angle, I know that text-based systems can be open to attacks like SIM cloning/spoofing. I do also wonder what would happen should I need access to an account with urgency but for some reason don't have my phone.",12269,,,
2021-10-13 22:07:11,2021-10-13 22:10:17,IP Address,73.99.146.114,96,186,False,2021-10-20 22:10:17,R_88SdSWmdtEJtIBz,,,,,,,anonymous,EN,4 or more,42,Male,"Some college, no degree",None of the above,Very,More than 2 years,Voluntary,A few times per week,,,Enabled,,,"Text message,App Code,Security Key",5,,,,2,,,,,,,,Always,,,Yes,Often,Yes,I had to reset my 2FA app on my Android devices and I lost my back up code and was lock out.,The potential to be perma locked out of some accounts,81408,,,
2021-10-13 22:10:01,2021-10-13 22:11:18,IP Address,71.196.39.65,40,76,False,2021-10-20 22:11:19,R_11d3UT2MAmxYStD,,,,,,,anonymous,EN,4 or more,27,Male,Bachelor's degree,None of the above,Extremely,More than 2 years,Voluntary,A few times per month,,,,,,,,,,,,,,,,,,,,,,,,,,,18041,,,
2021-10-13 23:01:50,2021-10-13 23:01:58,IP Address,99.2.65.40,4,8,False,2021-10-20 23:01:59,R_2qlMQ33WWNst4dw,,,,,,,anonymous,EN,3,,,,,,,,,,,,,,,,,,,,,,,,,,,,,,,,,,,39400,,,
2021-10-20 23:13:22,2021-10-20 23:15:59,IP Address,73.28.128.139,100,157,True,2021-10-20 23:15:59,R_2BkOCl8DMQ6N9Si,,,,,27.2400054931640625,-82.47550201416015625,anonymous,EN,4 or more,32,Male,Bachelor's degree,None of the above,Extremely,More than 2 years,Voluntary,1 or more times a day,,,Enabled,,,"Text message,Phone Call",Somewhat agree,Somewhat agree,Somewhat agree,Somewhat agree,Somewhat agree,Somewhat disagree,I don't want to have to take the extra step.,,Other,Because they always say the code expires in a certain time.,"I use strong passwords, I don't want to use 2FA. But so many places mandate it now, I can't avoid it.",,Sometimes,,,No,,Yes,I didn't have my old phone number.,Everything. My password was working just fine.,53411,,,
2021-10-13 23:45:05,2021-10-13 23:53:57,IP Address,71.229.162.212,96,531,False,2021-10-20 23:54:01,R_2ast6YhQoh5TcGB,,,,,,,anonymous,EN,4 or more,37,Male,Bachelor's degree,None of the above,Very,More than 2 years,Voluntary,1 or more times a day,,Enabled,Enabled,,Text message,Text message,5,,,,2,,,,,,,,Always,Rarely,Rarely,No,,No,,I dislike that most sites that offer 2FA rely on text message to deliver your 2FA code because text messages aren't a secure way to receive 2FA codes due to sim swapping attacks and the possibility that other people could receive your 2FA codes if you change your cell phone number.,69981,,,
